<?xml version="1.0" encoding="UTF-8"?><?xml-stylesheet type='text/xsl' href='_UpgradeReport_Files/UpgradeReport.xslt'?><UpgradeLog>
<Properties><Property Name="Solution" Value="OscilloscopeDotNet1">
</Property><Property Name="Solution File" Value="F:\Projects\Visual Studio\OscilloscopeDotNetMG\OscilloscopeDotNet1.sln">
</Property><Property Name="Date" Value="Sunday, March 27, 2011">
</Property><Property Name="Time" Value="18:24:38 PM">
</Property></Properties><Event ErrorLevel="0" Project="OscilloscopeDotNet1" Source="OscilloscopeDotNet1.csproj" Description="Project file successfully backed up as F:\Projects\Visual Studio\OscilloscopeDotNetMG\Backup\OscilloscopeDotNet1.csproj">
</Event><Event ErrorLevel="0" Project="OscilloscopeDotNet1" Source="OscilloscopeDotNet1.csproj.user" Description="Project user file successfully backed up as F:\Projects\Visual Studio\OscilloscopeDotNetMG\Backup\OscilloscopeDotNet1.csproj.user">
</Event><Event ErrorLevel="0" Project="OscilloscopeDotNet1" Source="AssemblyInfo.cs" Description="File successfully backed up as F:\Projects\Visual Studio\OscilloscopeDotNetMG\Backup\AssemblyInfo.cs">
</Event><Event ErrorLevel="0" Project="OscilloscopeDotNet1" Source="Form1.cs" Description="File successfully backed up as F:\Projects\Visual Studio\OscilloscopeDotNetMG\Backup\Form1.cs">
</Event><Event ErrorLevel="0" Project="OscilloscopeDotNet1" Source="VolumeControl.cs" Description="File successfully backed up as F:\Projects\Visual Studio\OscilloscopeDotNetMG\Backup\VolumeControl.cs">
</Event><Event ErrorLevel="0" Project="OscilloscopeDotNet1" Source="App.ico" Description="File successfully backed up as F:\Projects\Visual Studio\OscilloscopeDotNetMG\Backup\App.ico">
</Event><Event ErrorLevel="0" Project="OscilloscopeDotNet1" Source="VolumeControl.bmp" Description="File successfully backed up as F:\Projects\Visual Studio\OscilloscopeDotNetMG\Backup\VolumeControl.bmp">
</Event><Event ErrorLevel="0" Project="OscilloscopeDotNet1" Source="Form1.resx" Description="File successfully backed up as F:\Projects\Visual Studio\OscilloscopeDotNetMG\Backup\Form1.resx">
</Event><Event ErrorLevel="0" Project="OscilloscopeDotNet1" Source="VolumeControl.resx" Description="File successfully backed up as F:\Projects\Visual Studio\OscilloscopeDotNetMG\Backup\VolumeControl.resx">
</Event><Event ErrorLevel="0" Project="OscilloscopeDotNet1" Source="OscilloscopeDotNet1.csproj" Description="Project converted successfully">
</Event><Event ErrorLevel="3" Project="OscilloscopeDotNet1" Source="OscilloscopeDotNet1.csproj" Description="Converted">
</Event><Event ErrorLevel="0" Project="OscilloscopeDotNet1" Source="OscilloscopeDotNet1.csproj" Description="Scan complete: Upgrade not required for project files.">
</Event></UpgradeLog>